-3.832051824212583391e-01,-1.617136597358699523e+00,-8.107306774312412756e-01,3.022814000113735133e+00,4.364498682755498571e+00,4.146078161709287002e+00
1.504263100218257598e+00,2.078000711925632515e+00,4.064439427937655225e+00,-2.771136498599331421e-01,1.543443195033405102e+00,2.167560891301467674e-01
1.451486668413995540e+00,-2.580836598994541209e+00,7.544253878210058772e-01,7.470107404471524326e-01,3.070000439048950369e+00,3.509867871152514418e+00
4.365236580425969848e+00,1.109622450231481317e+00,1.329748033924351702e-01,-3.073282486260429103e-01,1.513410577853284700e+00,9.639805308704598730e-01
1.913635884086494210e+00,2.145602558230003787e+00,1.231245159541160206e+00,-2.922942433880889368e+00,2.587895590021892289e+00,2.367411336162859037e+00
2.526808650432409653e+00,1.815007317144061716e-01,1.671372260312538938e+00,1.356255011729793791e+00,3.951584440164340961e+00,1.760163247185999813e+00
3.466578962460875601e+00,3.009456307675963060e+00,2.929598571433250642e-01,2.341212516318635029e+00,3.058186145128071853e+00,2.014979871579287263e+00
-6.586243662553679101e-01,-2.289573735244998964e+00,-1.368095957131681972e+00,8.775393011403280763e-01,1.968131167990960773e-01,3.938188325791211586e+00
8.941461785074232838e-01,1.385857610780844684e+00,-9.152037756450726036e-01,2.482052680017323709e+00,-4.608454026882784493e-01,-1.252452214905587224e+00
3.123412982258888526e-01,-7.568998961232114020e-01,-2.075423210115236117e+00,1.305236369416379549e+00,3.222338953813729034e+00,3.480684442067242923e+00
-7.742702670824597178e-02,-4.119739992499082959e-02,-8.588790925772020746e-01,2.032719802290850808e+00,1.232650627214285421e+00,-2.657818660007561284e+00
-1.009028562654102679e+00,-2.034765783644301607e+00,2.655847907401673869e-01,7.742954416940810436e-01,-1.408366890345218447e-01,1.602790982583508050e+00
8.146838125619324522e-01,3.377621250973684930e+00,-1.549414770681894149e+00,2.506506573400534066e+00,1.791760216260813277e+00,1.860053701546418026e-01
-5.097270737483738934e-02,4.016535447772202616e-01,2.635012041357435830e+00,-5.518650363067172382e-01,2.524971657941367020e+00,-2.951882106347449852e-01
1.633455052811295438e+00,3.727249000156630299e+00,-2.075685077649517041e+00,1.877994627153356966e+00,3.773898080509406672e+00,7.427723178916196822e-01
1.792436335034825801e+00,2.161106682445275595e+00,1.640531630486427472e+00,2.718154964836564602e+00,1.680105361511335937e+00,1.128379904229839692e+00
3.933242172790057722e+00,-3.803684465670187365e-02,1.436875667042145643e+00,-2.710192484235993682e-01,6.639619889602490499e-01,8.793004188156761103e-03
1.227911018492350737e+00,3.948713360024713737e-02,-1.474306232460578014e+00,3.405585772129620992e+00,-1.260171090695313856e+00,1.743073854172989545e+00
2.683474492958231039e+00,1.350351640006516307e-01,2.282744122169747314e+00,2.378920684307536781e+00,3.880629295799660206e+00,2.506825623458218910e+00
1.460325849562376321e+00,3.286113623995274402e+00,-1.388421495477057732e+00,1.136742803855214978e+00,2.425797136312883850e+00,2.459602441880157642e+00
4.293919064941228214e+00,-8.877778641612938948e-01,1.114879367389612241e+00,2.548885995314815744e-01,1.280620640246790121e+00,8.281527133742379032e-01
9.650027897165189827e-01,1.536552735378312828e+00,-2.121446699981798467e+00,3.045542408812403679e+00,-2.088431252870807775e+00,-2.772764565908507173e+00
-9.167561131357704340e-01,-1.512743728375354202e+00,-3.059118232671791393e-01,3.435465313207550331e+00,-1.236578391797968912e-01,1.809449460926786823e+00
3.716478261324136501e-01,4.358788568938424923e+00,5.306699196090813864e-01,-3.756834285594389478e+00,6.258759919177772524e+00,2.165737799544375175e+00
3.844013108930084854e+00,3.044964391849394048e+00,3.247488775103331893e+00,8.938422393257793308e-01,2.954125650958641991e+00,2.029531275593093653e+00
6.643024511735062809e-02,-1.786327219037685543e+00,1.527502854665873100e+00,5.564408578793990090e-01,1.834169843871602756e+00,3.133120905382709154e+00
2.240012159266843828e+00,6.597933583519988154e-01,2.253750092448356224e+00,-2.992301380830570512e+00,2.345991911085623105e-01,4.059626474274244945e-01
1.517782813553701482e+00,-1.466750919082848048e+00,4.300530124610570937e+00,2.527740404453408640e+00,2.549725079955807772e+00,1.159832629657012948e+00
1.813602781531324259e+00,2.022977921114521571e-01,3.667018943990755453e+00,-1.314926473943931473e-01,-4.601327203175469283e-01,-3.291209723984038771e-01
-3.906403306440406897e-01,-2.226410048513172146e-01,-2.863232067854914575e+00,2.417252366854546253e+00,1.077547654919224218e+00,1.349440988759985194e+00
8.473020853229067395e-01,4.445180046507597460e-01,-1.372001525614420903e+00,1.824635170055224798e+00,-1.394994277653504033e+00,6.845560100062879627e-01
4.119776973864341940e+00,3.084218144984275156e+00,2.520095766008156879e-01,-6.166891765953581572e-01,2.493692277782688649e+00,-3.611995916684094254e-01
1.218220582430093124e+00,2.355462293606282564e+00,4.030746221432088827e-01,3.404777675855267915e+00,3.371231234413183842e+00,2.130532257801375895e+00
3.455664195658461502e+00,2.697825988822740051e+00,-2.115221981212558333e-01,2.829705068140919710e-01,9.664686789689336255e-01,-6.180619816480348305e-01
1.451354102265437040e+00,-9.081642090419794755e-01,1.544106423975303732e+00,-4.366732320709574289e-01,1.154853620240876566e-01,2.839687316654769145e+00
2.539323365594659876e+00,2.916976497659163670e+00,-8.920515267000317383e-01,2.599322926182948912e+00,1.443322592648284886e+00,4.060039855510673590e+00
2.501355148114707827e-01,-9.126156874255781926e-01,2.017080912069454612e+00,-2.811396355159885285e-01,3.804344976973797365e+00,2.122729292687121294e+00
3.436260235385358186e+00,-4.850390403299398301e-02,1.837454216907852267e+00,-2.593937561924155588e+00,1.136150969885300288e+00,2.781056444828085894e+00
2.318360018401623979e+00,3.641387230677645803e+00,6.580715463449946512e-01,-1.227355968894444649e+00,3.439181909986782859e+00,1.949968341971545005e+00
3.817819491583922531e-01,-1.577719028235679444e+00,4.777008872925010863e+00,-8.866947359005288298e-01,1.691581634677183921e-01,2.659872280029207836e+00
7.969010821261779398e-01,9.778762879553009046e-01,-1.157299019894714398e+00,1.446800309562785714e+00,-4.103054799991874280e-01,1.051850427918279429e+00
2.892506183066881231e+00,2.060560378903309342e+00,-8.558836783823386973e-01,2.270582645214856754e+00,-7.046612820137563293e-01,2.144147031546481674e+00
-2.633429817903767400e+00,-2.164905993885747559e+00,3.526419329778902600e+00,5.650876160221618427e-01,1.368340292921818246e+00,2.542837140470222579e+00
1.816502713460327101e+00,9.049787863112724873e-01,-7.800407244190785683e-01,2.128806546800648958e-01,2.018440492789510099e+00,1.528924559866927657e+00
8.862204901368448962e-01,3.247813697552388135e+00,-2.053379899939026032e+00,5.130738763279762971e+00,1.244808865479722471e+00,1.163550754661486497e+00
1.026009369616670330e+00,-2.180685341451740200e-01,-1.687724465068305424e-01,7.238980746236773900e-01,7.125110313530620409e-01,3.970860314939026914e+00
-5.233983514146005600e-01,-1.280753622927615076e-01,-3.866599211386611223e+00,2.044837804625617039e+00,1.072973084487961914e+00,1.268249399598706972e+00
4.733254557812274221e+00,4.493394829216941666e+00,3.667040233911201597e+00,2.142239938578090364e+00,1.879147117775991971e+00,1.571103325542256179e+00
-2.211405323511356436e+00,-1.807645290978028063e+00,1.478539939761844169e+00,1.374502593640543058e+00,2.033433302875534920e+00,1.953159759069108992e+00
2.850775679189481604e+00,2.335313075299222163e+00,6.282841070414814100e-01,-3.764746150831344007e-01,2.484842866620814661e+00,3.250473031518824829e+00
-1.224513241403215602e+00,1.319633804364048757e-01,-4.293807267346287926e-01,4.036857055087473833e-01,2.167491927226607107e+00,-2.320978017602376431e-01
5.589201569373187795e-01,-7.539721160120649301e-01,-1.798187289696994151e+00,2.044649710912077367e+00,1.270292452739979483e+00,-5.516854396152661710e-01
3.130190872756981602e+00,1.204822838223811310e-01,-1.764686395033357558e+00,2.722486394948431254e-01,1.601561719706398490e+00,3.490074207724364719e+00
9.319874999414194949e-01,2.517966824905984780e+00,-8.979831432059549590e-01,3.615669298994145464e+00,3.268858104920647101e+00,3.735311035539815805e+00
2.435992026052221426e+00,1.376940190064582126e+00,1.131374212127228551e+00,-2.081822042029619624e+00,3.632345152732871618e+00,3.378090880058178147e+00
2.051287252301778885e+00,-7.408511934550325861e-01,-3.331180787756206074e-01,4.241543033174148825e-01,-1.570277637746943178e+00,1.058025035217603937e+00
1.227133913530872533e+00,-5.958330589951255085e-02,1.063875457110879497e+00,-2.092944999204124024e+00,7.997909670202874022e-01,2.110327935605550209e+00
-5.659211183845334059e-01,-5.695135623407262537e-01,3.756665693379145132e+00,2.320886275965955203e+00,-1.179287292371848261e+00,2.913428487674186496e+00
1.634381777149873649e-02,3.095489290947559535e-01,2.344999728055303656e+00,-1.946719686679274419e+00,2.630162685555875512e+00,3.017501846286712919e+00
1.965679270153275926e+00,5.716900355944202872e+00,1.770890493896821294e+00,5.447582478743237644e+00,3.846433845766257686e+00,2.995065897514838760e+00
9.329052923546662379e-01,-7.655108316675376390e-01,3.108786100060025426e+00,1.130216045433203309e-01,1.695759630679262386e+00,2.792400355329825778e+00
2.317249963322603357e+00,4.605158530559850583e+00,2.231028702298265554e-02,1.937326906319909003e+00,7.260453252629153198e-01,5.738862735655225755e-01
5.504283889562373577e-01,8.199110523332548972e-01,3.925724888530627288e-01,2.305272763978238881e-01,-9.547000217081769158e-03,2.451088528896654406e-01
4.215359432338509293e+00,4.416375158218603936e+00,1.687626238042417182e+00,5.657983449466520431e-01,1.769939823543312585e+00,1.211968250404257486e+00
2.606895855170997756e+00,2.274240878400073829e+00,1.877033371911398518e-01,7.633586720037821571e-01,1.385591303799677654e+00,7.076884443797841762e-01
5.574930170333867174e-01,6.562426940753657290e-01,-1.342341052383948075e+00,2.260340138230603202e+00,-1.059148671370305994e+00,-1.489187635971333634e+00
2.480519757665431868e+00,1.521905008351225552e+00,-1.755781183912017207e+00,7.408196099920576483e-01,4.545528878385147742e-01,-4.980863809377142459e+00
-2.524674645670621498e-01,-6.707106890144975964e-01,2.931328782274221112e+00,-2.089587270555979259e+00,1.759952873312942589e+00,2.812939593229583757e+00
2.214843015416572136e+00,-9.567931347975955347e-02,1.483742245328248943e+00,-4.835873311101043237e-01,2.668245419434301269e+00,3.700823483344484188e-01
4.320055616621849559e-01,-3.173248915807778125e-01,3.258431663119038202e+00,-1.476024643610916565e+00,3.403690174373077415e-01,2.352080951246404261e+00
2.299842438566360059e+00,2.628233899620939340e+00,4.131369780202922559e-01,4.127583824546876556e-01,2.434403943519842350e+00,1.498577417726261629e+00
8.369240944061886456e-01,1.447432943805381456e+00,2.711069026934673776e+00,1.901742842702848435e+00,2.627334795078096086e+00,3.786242857331180822e+00
1.551267816071846495e+00,5.115670215938330045e+00,-4.867251481766345922e-01,5.622454005007905264e-01,4.949737193049411843e+00,2.038544730626305590e+00
-1.051199607655038726e+00,-1.291476251083279125e+00,4.864822411180385053e-01,2.396464049922389261e+00,1.688889927162708027e+00,1.490917882463348443e+00
4.080696988916002965e+00,-2.373158270542026216e-01,-4.764399565838290940e-01,-1.234895995236031663e-01,2.063676439282990049e+00,3.592527866501758371e+00
2.933041086152316623e+00,2.139514410650996457e+00,5.013381783090495869e-01,2.140314016572439026e+00,2.535926261312670515e+00,3.275549274733720040e+00
3.379894376543537415e-01,9.115442570669176625e-01,-1.200034053946068324e+00,3.835028752934994234e+00,2.179586635550049278e-01,-2.239191038775953047e+00
9.587056275252974213e-01,9.330183752086348425e-01,-2.348864654776234406e+00,3.069468018298854517e+00,1.137643309552340831e-01,-1.712734219419104198e+00
2.507978971485615993e+00,2.061373791724033566e+00,2.174720547799419812e+00,8.755490769955019958e-01,2.413668595789468796e+00,8.120690856743650876e-01
-3.360938189307529633e-01,1.449485121978578483e+00,-1.659792609853074641e-01,1.862992685357105049e+00,3.061790504260690327e+00,-1.018107255853193838e+00
3.574109170130036706e+00,7.820237714843742971e-01,1.804048687556421227e+00,-1.252977779759029353e+00,5.759729276623382077e-01,1.267993462997057952e+00
1.113890677032163268e+00,8.358469809948003704e-01,9.524695396679138115e-01,1.654235565668300323e+00,-7.151162364670935467e-01,-1.030206652044385995e+00
7.971782546941199588e-01,2.725520328800970837e+00,-3.491530705443324223e+00,3.295831782888283268e+00,-4.226536141960026693e-01,1.686046080915496681e+00
1.535927308575454120e+00,2.989626542909021190e+00,-9.536286809922820407e-01,-2.690005779232969019e-01,2.443512799467515428e+00,2.907687632158411084e+00
1.930101134757547854e+00,8.105684333311065082e-01,-4.220626839020560794e+00,2.237268817199986159e+00,-1.578644346052547442e+00,-1.093949771123114312e+00
2.508269403683720533e+00,-1.931568549197120177e-01,-4.472479995735683111e-01,-4.965722677055854906e-01,1.041350793993951918e+00,3.620492428635318838e+00
2.112825182348874620e+00,2.065129848254987799e+00,5.789111844194203549e-01,2.053224105526684440e+00,1.720915466186548004e+00,-6.383468732419670388e-01
2.403579749049873371e+00,2.507371952589880770e+00,2.125991771330593139e+00,-2.385676415117423232e+00,4.570710298728666743e+00,2.754685162364396867e+00
-8.169843366763900327e-01,-1.029637866642014066e+00,-6.138696027401466804e-01,2.912163426300035773e+00,1.747057882812582674e+00,-1.128072313860874143e+00
-4.022051348652491143e-01,-1.150210442136914368e+00,-4.298121176214183770e+00,2.010296777537706969e+00,-2.058430986079419434e+00,1.542995518370517960e+00
2.669981121684958936e+00,-8.888877521881521915e-02,-8.123001968346634794e-01,-7.581034323856972179e-02,2.304701516316299603e+00,4.028537591303367194e-01
2.002442174492357729e+00,-8.637729589107829842e-01,5.003675647617191746e-01,-9.540277805467483052e-01,-5.616147857524360631e-01,2.282290383945055900e+00
7.311831681366427471e-01,-1.604524905266798696e+00,3.061933720866348629e+00,-1.229448547728322572e+00,1.488643778530346351e+00,3.097869392634759134e+00
2.773339310342870068e+00,2.092019202112396226e+00,-1.484980042230526820e+00,1.585870886047144879e+00,1.344259751691686100e+00,7.941701167607460032e-01
8.436528213336478288e-01,2.248908615818756562e-01,-3.175428080749969517e+00,4.576598413445450930e+00,-2.257588358156681352e+00,-2.445521129803249316e+00
1.022721067272679196e+00,3.970175808105645299e+00,-2.766671080751356815e+00,1.322943064172615424e+00,2.828289988295627833e+00,7.655988336611696532e-02
5.948370347798929147e-01,9.123359449651966546e-01,3.025785755405866695e+00,1.240412165030806202e+00,-1.204693864887882437e+00,1.208259538278159795e+00
2.257916594198257521e+00,2.182033618206657533e+00,1.288709489201737002e+00,1.549458349320374628e+00,2.102671553959401862e+00,1.076887545743143715e-01
2.690861382025824700e+00,1.233606385039658360e-01,2.067748126358880167e+00,1.219954578434376380e+00,2.120830464204118027e+00,1.889502885005179600e+00
3.421444634594039691e-01,-3.274321436793083517e+00,-8.743614156823453776e-02,3.926332112947854558e-01,4.110813455864923860e+00,4.649767719720681924e+00
2.428208208451131167e+00,2.320274617959070529e-01,1.588472372769059504e+00,-9.373989813637808588e-01,1.800162949289913161e+00,2.244977986759705502e+00
-1.053713804699226708e+00,7.089819867862471092e+00,-4.149444503464832401e+00,2.136948765285886509e+00,4.705152441274904618e+00,1.370399055684752732e+00
1.423603284325168916e+00,8.026896859331796863e-01,2.195244563706649110e+00,-2.491467240436169739e+00,8.087460223305573681e-01,2.379072804981458233e+00
1.042926908548978959e+00,9.439490886976058537e-01,-4.974125161273956763e-01,1.689016859722678010e+00,1.088251242975706523e+00,-4.443297601705873401e-01
1.991097114627896625e+00,3.695312632933378527e-02,3.915690913866355150e+00,-2.706313420405674908e-01,1.784400010630059041e+00,3.430015982900938010e-01
1.368882117615059180e+00,-2.104649927023927170e-02,2.167685121655318348e+00,3.673980972153641389e+00,-2.243249988099615067e+00,-6.861327597761266439e-01
1.566729236945668013e+00,2.495501727131957725e+00,8.073012494126249328e-01,2.804717705631257996e+00,-6.443900240263511492e-01,-3.716321949449320705e+00
4.466611830500038849e+00,-8.222817456498427990e-01,1.573909947123890429e-01,-9.731527022252821624e-01,-8.224753237511757131e-01,3.437784951747210549e+00
-5.921727063082899978e-01,-1.217759745854587239e+00,9.594159166433928743e-01,4.896374346292314605e+00,9.177584475071423054e-01,9.602038107508972242e-01
2.200974787303320745e+00,2.333129689046550936e+00,-2.929268665240448932e+00,3.480525552058977290e-01,-7.958573611197623521e-01,5.855857215128085214e-01
3.030724991824536474e+00,2.383055541299156310e+00,-7.495962902838921860e-01,1.080267451433900572e+00,2.157947911884660286e+00,1.274291467329977223e+00
1.589233792726800765e-01,1.821649391447227595e+00,2.477440014776460142e+00,-3.338448573676400244e-01,1.869735579366863742e+00,3.228553429970067334e+00
3.391236422993047839e+00,-1.329982659213737151e+00,2.124904032643382124e+00,-1.847219978383938033e+00,2.500405135816166080e-01,2.577620819022403698e+00
1.843661862330897572e+00,2.995615153516110851e+00,1.051360491043679568e+00,3.272241978768305248e+00,3.220226138995275544e+00,2.106096317466674250e+00
2.101013944671135558e+00,-1.135516702178685389e+00,2.527291556980652665e+00,-2.251815658528616426e-01,-3.341906336359024010e-01,4.561954984493017839e+00
5.452425446772388717e-01,-3.264929974267458679e-01,-2.026474991165245321e+00,9.289932895534794843e-01,-3.190003529155844841e-01,3.140110596813337374e+00
-4.994238573674503190e-02,5.235328340228093680e-01,9.191631098711510184e-01,-2.149953566154780837e-01,-2.412717787584253593e+00,1.331704949376253611e+00
-2.491320210366194665e-01,-1.472310066333597511e-01,2.478554164558503192e+00,2.831157993641721049e+00,8.725525492741467160e-01,-2.500467061745266228e-01
1.346190483391900727e+00,2.343211632624383256e+00,-5.823296346471829033e-01,2.463753188281934570e+00,1.640535484846565861e+00,1.098718250588351486e+00
1.094507084850429468e+00,1.189077085423702052e-01,-1.108940148585000784e+00,2.740413413501132212e+00,-3.153431775986944574e-01,-1.836383305096404239e+00
1.024985125426466359e-01,4.669322847620637207e-01,1.449233455189481878e+00,-7.169554944589928702e-02,1.450012970250223576e+00,5.794789019682228925e+00
-1.445067540841381337e+00,-2.716696392320205433e+00,2.215030810001697326e+00,2.878937050971914768e+00,1.856105944907198158e-01,3.088107058695952922e+00
1.659868529419020078e+00,1.383452261858297172e+00,-9.633946615855568663e-01,1.614633421531272539e+00,4.716078460745287693e-02,-1.769336413929206708e+00
4.543852914594685988e-01,1.033630377260012390e+00,2.328745594321760315e+00,3.150987845658651310e+00,-1.068110557682090400e+00,-9.796974392715274149e-01
-6.031546936041254359e-01,4.929447938878964708e-01,-8.054116125352284161e-01,1.779699033047594803e+00,1.934807936671865125e+00,-2.052409494826839875e+00
2.530449841921903253e+00,3.165602456790239216e+00,-1.250926684125116317e+00,1.922530184773570516e+00,3.058409875789154686e+00,1.332660293582383915e+00
1.188412889437565845e+00,-7.737487455432210393e-01,-2.375429162931607774e+00,2.233481031517460913e+00,-2.220177532677512833e+00,1.867757825885410616e+00
2.760722735608494016e+00,2.634808199186762234e-01,2.380747503164036605e+00,-1.289652520933466828e+00,1.220646384281065533e-01,7.074768819742143222e-01
1.703755523856432585e+00,1.036806041994333238e+00,1.756942710722017020e+00,1.932219369854576430e-01,3.694292939778942131e+00,1.809094213173060295e+00
1.513350943191971609e+00,1.216953316879237690e+00,-2.163673012012679919e+00,3.500240508720426469e+00,2.469942637630971660e+00,3.723609087628857672e+00
2.400913909684196046e+00,1.330344963897586386e+00,1.747760435724921679e+00,-1.853854549627975912e+00,3.825337846124290397e-01,1.516475223755090251e+00
7.276193646845237062e-01,8.241036418533331798e-02,-1.318615883297030722e+00,-6.398149724020241180e-01,-1.488566075327889981e+00,2.556574968713711815e-01
2.114701245813507491e+00,-5.634359872583902806e-01,2.845936104017936064e+00,-3.929394288412293434e+00,1.606462578516948181e+00,3.300716718299415930e+00
-5.197021157088925758e-01,-3.483199827523257852e-01,1.191074389303688585e+00,3.267065757204153265e+00,-6.112604539196739850e-01,1.932735475484525622e+00
-9.008741297183398000e-01,-3.103031546637170512e-01,2.839182023582467629e+00,9.764663342401951329e-01,1.888927376256159141e+00,-1.275700040138874725e+00
-1.349704194157043569e+00,-1.753864255002713479e+00,-1.235917667091895655e+00,5.023640485705300307e+00,6.677189521283319884e-01,-2.365679533598361584e+00
-1.086967021701191527e+00,-1.178314244653797527e-01,2.473490205162167221e+00,1.142774611912892535e+00,2.882589493866414720e+00,6.101457288193167905e+00
2.061789993558865053e+00,4.550652149654987877e-01,2.204653802278989438e+00,1.738476455998581693e+00,3.109996223183270736e+00,2.119112100961115353e+00
1.223913215432539614e+00,8.007975952853134682e-01,2.173274403887344164e+00,-2.252014372374098183e-01,5.330253557432511613e-01,1.086906039014299719e+00
1.453180074147328860e-01,1.118076083206710480e+00,-6.011114104143360226e-01,7.591210557588462526e-01,5.103341962241841889e-01,-1.152161873716177398e+00
-1.252799266450423721e+00,-9.269902450393927573e-01,1.920608586646259885e+00,-1.288146507180187195e+00,1.933626524665216895e+00,5.032617293769964917e+00
8.129696803243632308e-01,1.946779259658006467e+00,2.042523753817159893e+00,4.018059603191632689e+00,4.215428870773950010e+00,4.867129354408874065e+00
-4.099728084168747788e-01,-7.644378337231416687e-01,3.834370025612562571e+00,-1.561837478502316578e+00,3.355200913845632904e-01,4.073483115530766696e+00
2.871115009501087556e+00,-1.096680043994659126e+00,5.766699324561842532e-01,-1.423935336825056464e+00,1.309773668097927279e+00,6.244269234728510032e-01
1.839469178575706465e+00,1.518317170257832416e-01,1.816494429110864894e+00,1.201254510586707180e+00,2.426116629190095964e-01,2.223558192496413621e+00
-3.327788394035080977e+00,-2.511439643000842104e+00,4.450666355730521495e-01,3.223657188126754392e+00,1.152794063538111757e+00,2.692037936178084401e+00
-3.963508207092574231e-01,1.010406287232497924e+00,-1.170844567692753690e+00,-6.027887376064944291e-02,1.780056421961794921e+00,1.732839360676814211e+00
-9.929948935794485898e-02,2.297596752578581203e-01,-2.115674446222768790e+00,2.557341657332730556e+00,-1.222792577365121147e+00,7.619376133750235258e-01
1.965944673679280497e+00,5.335758411541542401e-01,1.118831432019442351e+00,2.395768951738617591e+00,-2.024472468835030625e+00,-1.537469475441925582e+00
1.634277820627353384e+00,-1.533722426605005573e+00,2.855327267438312333e+00,3.217302681368253481e+00,2.465055527589996576e+00,3.320245177987942498e+00
2.582632319344190464e+00,3.163379949932196844e+00,2.167987262696092543e+00,2.348787855489002929e+00,5.290706727838302648e+00,4.424638020704154684e+00
-5.612046104085277598e-02,3.318493645971760664e+00,-2.939343637995418312e+00,2.555975285657195784e+00,1.306554807159415743e+00,1.970443470344180881e+00
3.102935484229726981e+00,3.153543665616758140e+00,1.752972920189312944e+00,-7.968483734229698801e-01,2.985680689106875896e+00,2.383544418017837341e+00
2.538544574301318857e+00,1.402307188778473268e-01,2.697354856814995205e+00,-1.713943909343261796e+00,1.152761069425592977e+00,2.088512619087703470e+00
-6.474791533554086209e-01,6.715689232873136572e-01,3.386831113268662818e+00,3.234781986123954400e+00,-2.429661703521692750e-01,-1.061722170342951577e+00
2.695169038891827906e+00,3.787714548960381844e+00,-5.326193299563131145e-01,1.120046362861637501e+00,-3.344960862266099788e-01,1.997865974737380812e+00
-4.362616805203551884e-01,1.102609486923066262e+00,2.757231620382362358e+00,1.189884559333622693e-01,2.981672048971311995e+00,-1.871301203410213887e-01
2.508246605825835474e+00,3.391310654539783087e+00,-1.638699607231225652e+00,1.820624665443244972e+00,4.312990112469927695e-02,3.850335336888548454e+00
3.301397740456152530e+00,3.642100110305367622e+00,3.404758595492741069e+00,3.495779602407214082e+00,3.424461833457000282e+00,2.923882512358163765e+00
3.006568615307465553e+00,-2.854944125953862155e-02,-2.030483400718263720e+00,1.503004836032146851e+00,6.245247022093387557e-01,1.295706758413409432e+00
3.271758251913390758e+00,4.803060219726940971e+00,1.451021348165447478e+00,1.373458830118466256e+00,1.139534360005945324e+00,1.032618471527560144e+00
2.271078312793153753e+00,2.101637938346598400e+00,-1.995614125695776009e+00,1.142422065949961096e+00,1.733244787470735515e+00,2.403665584207566042e+00
2.215999271513013902e+00,2.564330875201154214e+00,1.167440254247255282e+00,-5.828376204194256616e-01,1.855936214278951946e+00,8.328345671438566189e-01
7.622927264157703942e-01,1.778194689545316676e+00,2.227315770526530070e-01,1.915863002789820690e+00,2.472477910023591186e+00,8.522715770216873210e-01
1.085447048884350396e-01,-1.245331569993309850e-01,-1.031392746760390944e+00,4.798153756697988825e+00,-9.532741938523006109e-01,-2.732769661841300213e+00
-2.125919679101093696e-01,1.371380071810754941e-01,2.916900131748018765e+00,5.271756778862373594e+00,-2.216689754297791026e+00,2.489235324074632327e+00
-1.266492410508797128e-01,3.131302987136277416e-01,4.525486798552795342e+00,6.118711080762229138e-01,2.169659655171749524e+00,1.863460279813389908e+00
1.767179783515367752e+00,2.965866581856994699e+00,1.647705699403140933e+00,-5.081101999123220914e-01,2.835148885562843724e+00,1.239658724738421203e+00
2.678227592662718592e+00,2.050590849391422665e+00,2.044969189626738348e+00,2.515510452622491400e+00,4.478342513050206364e+00,5.257548726732699240e-01
1.241429044240165425e+00,-1.275119364872727035e+00,5.138619980654262065e-01,-3.542435847902380974e-01,-1.279443317083573950e+00,1.455111905722961785e+00
1.650141460297291029e+00,-1.333170892101359417e+00,2.103842780017597391e+00,-1.406087649434755171e+00,7.980953142106990139e-01,3.801326053842418506e+00
1.748771301732652717e+00,2.801907964277201124e+00,1.070268746870284282e-01,1.542143967365012802e+00,2.340140568832934864e+00,1.106341390812096925e+00
1.693718405622892886e+00,-9.134569401066010563e-01,-9.407026958526214511e-01,8.537724235769439396e-01,2.893376840088560442e+00,1.451657973889415754e+00
2.338440987411460004e+00,7.851778472757521277e-01,-1.964888324471001146e+00,1.499151766497412552e+00,1.626549863666069351e+00,2.451046736883203181e+00
2.347479888715893193e-01,8.527332434047822929e-01,1.961120893795451181e+00,-2.164855475869611467e+00,1.312124795544954647e+00,2.034978952307084921e+00
-1.164150047803814036e+00,3.333196646162103205e-01,1.679923175617552777e+00,3.875902281132152183e+00,3.607137260856315697e-01,-1.031163097449356858e+00
4.572312627095310944e+00,4.320992759735576172e+00,1.837324197157396810e+00,-7.247952922520228825e-01,4.187661525403276741e-01,1.961782052702627510e-01
1.690850259269571998e+00,-4.393997724091001089e-01,-1.431659249132407163e+00,1.741254889047256560e+00,2.467248002646292626e+00,4.454891435039495029e+00
1.883399150496976926e+00,-1.253994368505642942e+00,-2.262165265218063936e+00,1.133063588485736517e+00,2.243008065937833528e+00,2.499965000876643195e+00
1.688241999624923606e+00,6.924375524786205993e-01,-3.129243577778548779e+00,2.264306353041457776e+00,6.221736135362321285e-01,-3.829699819397770710e+00
3.362047248036018621e-01,-1.180371900236523164e+00,-9.379037836776455972e-01,1.568634904314494705e+00,-3.158611933476464628e+00,5.941825658913607811e+00
1.607845762817799118e+00,1.896433201122412093e+00,-1.543217231337590256e+00,6.245141123109749781e-01,1.278087115517874572e+00,1.096165339039456788e+00
2.041240244679893401e+00,1.936832024602010982e+00,-2.962220140165239268e-01,1.357473747100427897e+00,9.301950420004072573e-01,2.426840378774470786e+00
2.238318104895526961e+00,8.382774992500826583e-01,3.438985532700919556e+00,-4.598393584401851975e-01,1.854215707931156754e+00,-6.640359455796884802e-02
1.602697283059160593e+00,3.971791444399778159e-01,-5.222935993524726594e-01,2.430243301407710721e+00,2.826781596926258189e+00,3.630161918748507244e+00
5.313335685292362776e+00,2.563366552976344970e-01,-2.106592252227591722e+00,-2.480282637554362957e+00,1.289852169085932143e-01,1.258277921986420189e+00
4.863585900173543752e-01,-1.936147315429354254e+00,2.356299040136314638e+00,-2.034747762878672539e-01,4.113985697159974642e+00,3.393838504479634643e+00
2.159019580588784848e+00,3.571744226734485661e-01,2.051508255747469089e+00,-2.776393955033165994e+00,2.959295368511511981e+00,2.010519433475553619e+00
1.344329056669835154e+00,3.752838465984445815e+00,-1.274155109121522633e+00,1.808149942224113182e+00,5.997240482507617543e-01,1.280939735046130901e+00
2.565464753236636142e+00,4.062665495030741702e+00,1.822231258195738723e+00,2.445783450825810945e+00,2.331877030446070975e+00,2.052084258676450279e+00
1.489214728092046025e+00,2.427274307983886548e-01,-1.759747647898730838e+00,1.100186561309100419e+00,2.066528923046718536e+00,5.627984014140095859e+00
1.036100717123346726e+00,2.497245441194539506e+00,1.531978669648301761e+00,-2.113566461948006570e+00,3.019667162195626808e+00,1.594914549779305135e+00
1.294539471810123743e+00,-5.576235026569118514e-01,2.137408807411730116e+00,1.964780816021406196e+00,1.372710398159249889e+00,4.027683725103515577e+00
3.573643231058793113e+00,-3.529220193730801647e+00,4.416747203753759621e+00,-4.045645390812623532e+00,-2.410986761822221602e+00,2.888850131898277773e+00
2.146728121106777465e+00,2.836708839496986823e+00,7.958708920275624488e-01,1.101967068395536264e+00,1.549289518790148312e+00,9.800671462853369764e-01
-6.580642234389504353e-01,8.599415256191393908e-01,1.243269919161671844e+00,3.442427354133311912e+00,3.419660685344243056e+00,3.636215394116055322e+00
1.087721009714816667e+00,2.142771718998064401e+00,-1.879145692594992978e+00,7.424830916351838894e-01,-3.000501607803093274e-01,-4.025529038710671692e+00
2.332315456926282948e+00,-1.975646500271002859e+00,6.667260273873900633e-01,-2.614001129391562372e+00,-1.733431673042720389e+00,-1.845483787139625687e-01
3.837790108134362832e+00,-4.698957345733343338e-01,1.725099172368678602e+00,-3.643088043329576475e-01,2.050691842717413671e+00,4.651441216690375136e+00
1.667464688504901371e+00,1.571934877501736549e+00,1.904656829231780035e-01,3.839174333041362353e+00,1.195118590194096386e+00,3.080657424443624670e+00
2.440881991949243712e+00,-1.222100046327508016e+00,2.978404351433266761e+00,1.031985089282645429e-01,3.006937387618306978e+00,5.211084712499111093e-01
3.246512394883784847e+00,1.123373626241103151e+00,-3.191277178167950535e-01,2.203829771462928910e+00,2.582448260352924407e+00,1.553990085022079803e+00
-3.533178048117600056e-01,-1.925908718160300959e+00,2.699013997999534453e+00,-1.866382300447127163e+00,4.002375787519846462e+00,4.303930115235254483e+00
-1.465380344382715805e+00,-1.529572481172831067e+00,-4.746634789016651368e+00,2.307107179887410098e+00,3.665217229774218044e-01,1.583854018041828127e-01
4.383373024712716948e+00,3.609779418249931204e+00,1.119829030807916181e+00,-1.212753885796196807e+00,5.241029951655742369e-01,-3.527415758367790311e+00
1.505285740370117420e+00,2.624625463398883030e-01,1.315394665579157074e+00,3.902892504884842406e+00,6.861014854144209529e-02,-1.110554079620776458e+00
2.136355352508930494e+00,8.262494400301974018e-01,1.963842019223906776e+00,-6.581095059714432427e-01,1.762177873373860226e+00,3.828836780241539728e+00
3.059452918369681029e+00,3.976471116744493273e+00,4.913853151867053626e-01,-5.000787956948427038e-01,4.009210728043449912e+00,1.300531794439957700e+00
2.645763082437407654e+00,2.825052668778909037e-01,2.966881591115133610e+00,-2.585616015285687297e+00,1.289409894153748404e+00,4.752291236983819944e-01
3.897228783017605558e+00,-9.443491757097335348e-01,1.001596096119629298e+00,-1.282098095392378845e+00,2.426324159349369403e+00,1.570730253854125902e+00
1.883683066064922862e-01,4.063370970458347609e-01,1.409061549647730338e+00,3.722322026118938254e+00,2.890979770577927432e+00,2.961108661567995348e+00
1.832256248361135320e+00,-1.860936709076762119e+00,2.606073114264698454e+00,-1.648245586100899551e+00,-2.605389735563523601e-01,2.850821201230139046e+00
1.219420660812369217e-01,4.863514680646801480e+00,-1.587594486499646962e+00,4.798664920937685263e-01,2.476956380075974629e+00,1.362750638638538181e+00
2.559117714462640691e+00,3.032549548755864244e+00,-6.843302074134329782e-01,7.553032660353775629e-01,3.495123136136207620e+00,2.813414097351611076e+00
2.068567946938556279e+00,3.189796202405605463e+00,-2.222049947326649733e+00,1.605643845833090388e+00,2.504550224050702045e+00,1.664451161835190041e+00
2.020032330876757598e+00,1.544813738304488870e+00,1.168186453228227339e+00,7.632959177204079460e-02,4.565685326922269693e-01,1.238861924234973655e+00
1.269596911378402471e+00,-2.555138067092058929e+00,2.661228075332464638e-01,-8.117131686070184760e-01,4.479126812732411089e+00,6.201153612540724502e+00
1.108437373237586065e+00,-6.374086724704146611e-01,8.502510775124104692e-01,6.742602087583839943e-01,3.494377821560665787e+00,2.888279999547918031e-01
2.886245465092355467e+00,1.817047551829840790e+00,2.766059437154060774e+00,-2.215973293551339651e+00,9.723327465665931868e-02,1.579894444643877849e+00
2.258621004441198288e+00,2.277792654883552537e+00,6.364786752533857506e-02,-1.205709200040291584e+00,4.407202382154748577e+00,3.174919556158286582e+00
4.916473964896948878e+00,1.520533541775836328e+00,5.870580903346581669e-01,6.404115483277772469e-01,2.648760358561065953e+00,5.422649423088847787e-01
2.824532147157088335e-01,-2.179176268545678141e+00,9.796760642147246401e-01,-1.505518092008779174e+00,2.943105434491502415e+00,2.110296772455668268e+00
3.126436824664031722e+00,-2.897986552881893552e+00,4.426222153043668506e-01,9.723043354996558918e-01,3.190239592491964871e+00,3.479935419804971897e+00
1.435386532414455685e+00,2.878752118076424615e+00,-1.421015908613071144e+00,5.237297977859656228e-03,3.604968374019756894e+00,1.419131258051520295e+00
3.096671201563397702e+00,2.197536382826133838e+00,2.117951882496488913e+00,2.384161210916921014e+00,4.155851248695845435e+00,7.671765046568781443e-01
2.157661063861817663e+00,4.385119479264109721e+00,2.148732828996623656e+00,3.512138851830157726e+00,1.460073922309654826e+00,1.654524093278754826e+00
5.596852966392094064e-01,-1.901405494679178076e-01,-2.895333954590650460e+00,1.545040814539738072e+00,1.837365932703348470e+00,2.477885979278231510e+00
9.315927486492681098e-02,8.888779154609974809e-01,4.252425698163727397e+00,2.443856489167030244e+00,1.833422621492970972e+00,-1.507678087376115528e+00
5.622529839353283876e+00,1.980867785102895962e+00,2.506798458824534670e+00,2.261587273452844382e+00,-3.486846829476561993e-01,-1.396178758946822640e+00
3.331581551790874229e+00,3.223129812670935124e+00,1.425933307824099217e+00,-2.509773727981678970e-01,7.735971874345428656e-01,2.193763695479218345e-01
2.431109456910391486e+00,7.687147875175230904e-01,7.003605051383965385e-01,2.464735447157397896e-01,1.019137417067934148e+00,8.074998047632389042e-01
-7.856107296943550811e-01,2.093579996072754135e-01,2.541991837294627743e+00,1.426358215277085950e+00,2.881472952369313223e+00,3.917031577817434496e+00
-9.010685187472367019e-01,8.910845305865890964e-01,2.188110123013531805e+00,2.274482792431950173e+00,-1.400970855164714424e+00,6.845583303706688216e-01
1.317603770950380948e+00,4.170605641659194340e+00,1.215472217757108453e+00,3.139564637685028359e+00,3.610294118499725258e+00,4.096438814939279638e+00
1.868160659407096524e+00,5.366104252586103573e-01,9.697414624251419202e-01,-1.247949319580587968e+00,9.346374086467994502e-01,1.356591057649671361e+00
1.496012475943069076e+00,2.304918409363659215e+00,1.756751986274246224e+00,3.835672813523010927e+00,3.013756904365901157e+00,2.095946089869057616e+00
8.385927929665158986e-01,2.602075299359212668e+00,-5.954662175620877296e-01,5.957087404578682577e-01,2.090597288779417973e+00,7.848315674476875614e-01
-6.973331699666878158e-01,6.953940206386026723e-01,5.417796013734572647e-01,1.386519568076104436e-01,1.263647519297242727e+00,-1.345503571178521929e+00
8.846682020481391184e-01,1.695395667926349326e+00,9.531764514719452963e-01,-1.459328455355102472e+00,3.189075894399441058e+00,3.172882996631496866e+00
5.176627926980991390e+00,8.100546703975414209e-01,4.625704206657417217e-01,-9.835723018489896941e-01,1.394033748320709920e+00,1.871496767014520612e+00
1.854791420452913453e+00,1.840027440122807389e+00,-1.053799654547980191e+00,1.282153028788080906e+00,2.183271915389335405e+00,3.585997840659704838e-01
4.521124538751997157e+00,5.491083407317707277e-01,2.010757755561873417e+00,-5.924599284095350971e-01,2.248145652604730316e+00,1.025328840574354805e+00
1.615810152301888847e+00,7.860717851133101064e-01,-2.848406315103354736e+00,2.486741569790173578e+00,2.189942995043482554e+00,4.861690630210069308e+00
1.848921218483566387e+00,1.100001313005570802e+00,1.861763246861951160e+00,2.416793983651931210e+00,-6.638391554146210183e-01,-2.929575023516359344e+00
1.592031597501296858e+00,-1.377336352976242573e+00,-3.951651975634988823e+00,1.231461498469796467e+00,1.803746530463052000e+00,3.301752744132964601e+00
-8.315432218474987369e-01,3.796066828296045248e+00,1.441165293822399551e-01,6.251905868756714391e+00,1.375593376714627114e+00,3.054214572873778177e+00
1.224670911316574573e+00,4.631524400366482386e-01,-1.047261599833053669e+00,3.073625105247383082e+00,2.587765873485170509e-02,-1.542673279993308055e+00
1.582228219455628304e+00,1.606155305670190048e+00,-6.965535997887937203e-01,1.260578165246825311e+00,6.413697091617897028e-01,-1.253725813364130470e-01
1.876279956031434715e+00,3.504500357690723433e+00,6.747278350574759109e-01,2.916446966905314575e+00,1.842780008695155791e+00,2.748991087381000398e+00
-3.576882851735945223e-01,1.248031425199070732e+00,3.697660116001196595e+00,1.156732581756630962e+00,2.222457562343551629e+00,-2.986492386046124992e+00
2.493626412163310491e+00,-1.189736801182400772e+00,7.905266122070961909e-01,-2.405172904865520156e-01,3.579579244353063849e+00,4.696892111081065746e-01
1.524857990516706341e+00,2.221229433121861607e+00,-1.134073467926771661e-01,-2.342087368334219821e+00,2.744156632916410654e+00,1.929161294398885840e+00
3.261730401459298712e+00,1.734904355378863006e+00,1.946012691753681967e+00,-1.263396978087285571e+00,8.415298645468192174e-01,1.434046205522422124e+00
1.464844131739078126e-01,-1.027576945352182580e+00,2.792470158983842765e+00,-6.395377196651108598e-02,1.307412256973547793e+00,1.860234687468846460e+00
9.190477904191500791e-01,1.856541170292624665e+00,-2.249865192766834276e+00,6.752204594759072531e-01,-1.926206355165958284e+00,-3.329924104165245424e+00
2.589647328504827595e+00,4.059520019363782595e-02,-1.505000095233355317e-02,5.051663840281364060e-01,-5.369233448499104444e-01,1.458015780584551946e+00
6.524930159264223928e-01,-2.420960893722431173e+00,1.703924379570431746e+00,-5.083406573848845422e-01,2.792131593697424918e+00,2.081549713273666669e+00
-1.064357167782455704e+00,-2.096602513372221921e+00,2.707906983964547543e+00,5.598533298116050716e+00,-2.021553171629798751e+00,3.079783326981563540e+00
4.622597582197499611e-01,1.403572798449679082e+00,-1.561676818835135983e+00,1.709056711995809108e+00,6.517386206191126963e-01,3.350198147430864637e+00
3.919917464271136964e+00,2.207221361796341430e+00,1.975134717240223603e+00,2.309941267011197397e-01,2.064243677086566642e+00,1.004047440489977294e+00
1.425899911367135564e+00,1.817728924431732951e-01,2.290431556725987861e+00,-1.330471516574388557e+00,-2.200154207666704664e-01,1.971246623403913656e+00
2.193252433504147447e+00,1.732310657411776811e+00,2.344242138391695818e+00,-1.963140649337144383e+00,2.759025799709005966e+00,2.747650524434538610e+00
1.795623890552097812e+00,-1.668956898908750652e+00,7.748451218212075720e-01,2.415898147230388648e-01,1.772461727737190129e+00,4.269441173061439443e+00
1.546705698236620519e+00,3.951435209110092384e-01,5.706132084068429311e-01,-2.865793846578430504e-01,1.716610174666556743e+00,3.400462758804914110e+00
2.779565668277540702e+00,2.764386968268765621e+00,-9.897686838157693234e-01,7.072100458358188124e-01,-1.326709815336168719e+00,-5.457458961583032675e-01
-1.291967211125921722e-01,2.370938030628331195e-01,-6.412842724493814650e-01,2.911461795171211620e+00,1.720255590061811724e+00,-2.385385356039778637e-01
6.022897232166122272e-01,8.175210528163223689e-01,-2.756333424163766033e+00,5.797668837447373491e+00,-1.964138247209502142e+00,-2.494242383966618792e+00
9.204732634203467434e-01,9.309606575798637929e-01,8.862404873119600346e-02,2.235321296341338027e+00,3.254138612680581577e+00,3.229725528574899585e+00
6.351810457991838854e-01,3.069612015861899135e+00,1.975176025052821638e-01,2.840385391479134825e+00,2.837589930399198046e+00,1.195123991246860085e+00
3.310866918854356022e+00,2.890913413902211904e+00,6.140131853450707666e-01,1.021399724494731487e-01,2.935717958330450017e+00,2.148422968516522147e+00
-1.283031331016926124e-01,-1.251397685874219956e+00,1.664097312095442094e+00,4.411051479473458770e+00,-6.170612348231201416e-01,2.071717714179436065e+00
4.005866055565924455e+00,-8.861488024793831020e-01,-2.736026892583987014e-02,-1.127345087397734646e+00,1.159053529610213573e+00,2.154089242625080836e+00
1.438785225627440933e+00,3.195225287657053492e+00,4.248837495849175916e-01,-1.153707647448340756e+00,3.290381306207741829e+00,5.927292874088516683e-01
2.580154199636275791e+00,2.823875899586091975e+00,-1.630423793735841231e+00,2.605171172077755060e+00,1.286598926460271297e+00,1.475208027532256327e+00
2.855992923193923616e+00,2.889587278444449847e-01,2.466148676484489322e+00,-2.779708888596798211e+00,6.411018760684135120e-01,2.933861081432734608e+00
5.381640507402157603e+00,8.991126969018777837e-01,4.375264080772462982e-01,-1.270442148340880761e+00,-3.641066646297452802e-01,2.472450949667458708e+00
2.989426633314752557e+00,3.562868661959723848e+00,2.646801162691974518e+00,2.305168443999516370e+00,2.450228359714778925e+00,1.331089403028905771e+00
1.658352614263326474e+00,9.852341437609519748e-01,7.058197765583651417e-02,4.241319416786970997e+00,-4.060164810693201787e+00,-3.281664873271895821e+00
1.441744139395841229e+00,3.502495988881158873e+00,1.712800048260099128e-01,1.778823080610314022e+00,9.080871078686953979e-01,1.724214057504356301e+00
2.038079336838732214e+00,-5.723740716261689343e-01,-1.398953495437959882e+00,1.487528656549014672e+00,1.411596646203634897e+00,2.411197650933303294e+00
2.847918633995234039e+00,-1.900208811893417504e+00,5.796181692126576301e-01,6.365975938240084897e-01,1.521478127018794257e+00,2.342532875983368790e+00
2.677834335318271641e+00,2.240068281317908916e+00,1.941871377035138568e+00,1.038432376361321907e+00,1.551255760751848234e+00,1.351405231350732983e-02
8.953031177246582040e-01,-3.961933228274583385e-02,-2.080410065976134870e+00,1.436747572389518002e+00,1.971448329210816475e-01,-1.281091748285724696e+00
1.488375054060722791e+00,1.733333333558349398e+00,-1.371058155785557675e+00,1.332114220133821414e+00,-2.831259198011593092e-02,1.997368068393692964e+00
5.116142462270945046e+00,2.232864796837191967e+00,3.313730173239668453e+00,1.545533249997439018e+00,2.937580227546030098e+00,5.863977649432962069e-01
3.476331392389112374e+00,2.733195063671474578e+00,2.431474846106783438e+00,3.751986140692553651e-01,-1.591708537889560127e-01,2.557182710874653875e+00
3.081682774715411632e+00,9.358984756746363542e-01,2.137533288083504068e-02,7.795161271745817411e-01,1.529117635334547254e+00,4.308087148623941376e-01
1.933946896859207953e+00,2.236233577023177155e+00,3.044115937503108604e+00,1.303062036220020481e+00,7.063933565322388919e-01,1.033084265171819061e+00
1.490801271974670383e+00,2.997118630704505904e+00,-1.894142691489196784e+00,3.003404372576015113e+00,8.749081843331141251e-01,1.559661691381295068e+00
1.276363986495335112e+00,-2.148998911573816173e-01,9.952439611265686548e-01,4.103961617499331638e+00,5.066914827073193628e+00,5.794674447618783475e+00
1.467329458744934589e+00,2.701644567608624925e+00,-7.973238496752497184e-01,1.555656419543701485e+00,3.338402377417072131e+00,1.606501840474201304e+00
2.620960619065216157e+00,1.960270056873006483e+00,-1.539305584183287223e+00,1.419065967905761338e+00,1.900412983424611735e+00,2.463995238740467109e+00
1.298560699262483853e+00,2.640099424229106706e+00,-1.134027426389262239e+00,3.089071080522821866e+00,2.237184924098105654e+00,3.437778242924119709e+00
4.758589297738892165e-01,-5.887902243824587600e-01,-9.719827345721547829e-01,1.646670582875604971e+00,2.549727513639887810e-01,7.149545108606469856e-01
3.049826496768793582e+00,3.483226449104021683e+00,1.375275859619374819e-01,1.805991569215768200e+00,2.177019881355395814e+00,3.385500779525612902e+00
-2.482731346205722112e-01,2.612073700927720843e+00,-5.735958509966669894e-01,3.667428893340382245e+00,3.675972288621925266e+00,3.856462690235517243e+00
6.643585120176008774e-01,4.599025444231510384e-01,5.726750146068755321e-01,3.068718706056918322e+00,-1.782056472486630572e+00,9.408097991652486503e-02
1.253077679107825082e+00,2.866358008974277727e+00,9.653589248925846800e-01,-3.073082654010422132e+00,4.156759463012890343e+00,2.102579483346781242e+00
3.651427699129664362e+00,-8.538555951467059479e-01,2.208172008746981163e+00,-3.006447951462083434e-01,2.294850871658632219e+00,2.955425900400584283e+00
-1.532605535828156951e+00,-1.556176141664540102e+00,3.592397247576456287e+00,6.253296455603718496e-01,1.692064664524741024e+00,2.795057635869614643e+00
-7.429569468456794779e-01,5.154015302814214383e-01,-7.723931223823825576e-01,6.598849971573502726e-01,-4.472244211270164360e-01,9.815407426205129404e-01
1.289223397009295224e+00,3.872315061948077286e-01,2.530137205999791750e+00,-3.539224621157788242e+00,1.292407870757072086e+00,4.248957763088698769e+00
2.958546474314820429e+00,1.822511487882257475e+00,-1.382176872455558980e+00,6.464432309968869417e-01,3.862431352448565391e-01,1.746029904958860568e+00
-1.326897528702438489e+00,-7.694070944899387143e-01,-1.948225601764216330e-01,-3.005306976876931380e-02,2.156774998927219578e+00,1.326692933567745980e+00
1.118706122622140642e+00,2.615697653663730637e+00,-6.213057056644963883e-01,-1.497575176221465743e+00,2.962086356950417887e+00,2.080789511838067263e+00
1.787740514900038047e-01,1.234325314304188570e+00,-6.757128573776460811e-02,1.223887869557069630e+00,-1.091183509762108983e+00,-2.183589972239226018e-01
1.701541075894145605e+00,1.074898694346275940e+00,2.653430561577705404e-01,-8.751553625522632274e-01,7.122905245754793668e-01,5.511811527163300584e-01
1.297416309725209826e+00,-1.400943333747770581e-01,1.790348302730873087e+00,-2.017248431017296895e+00,4.340318207299627140e-01,2.852996358055232218e+00
2.676755211379617805e-01,1.412535135268295994e+00,1.535550499488873566e-01,4.314999180543257928e+00,1.061460489659776130e+00,-1.970545217278492744e+00
-1.042495473465780975e-01,-5.781820685527641057e-01,2.823033334292690544e+00,-2.361550989898760555e+00,1.013725230382133358e+00,1.692738781409087956e+00
-1.057785636878247670e+00,-4.752842729763726570e-01,2.175906163426345685e+00,2.700896464934783303e-01,2.359091998911065691e+00,3.157069568151963157e+00
4.328420190642710885e+00,3.503344719072410740e+00,1.712112736884316533e+00,-1.264106963632702252e+00,-5.699312900358299849e-02,-7.779254454775972327e-01
3.066144084423496619e-01,1.258581779434368553e+00,3.147681898344147466e+00,2.654272533195283224e+00,1.105390202772399633e+00,3.796686861555897963e+00
1.234875642658481487e+00,5.554453352351137463e-01,-1.618403222989134305e-01,5.994470882315083848e-01,-2.620190527649489454e+00,1.626586153992122918e+00
4.423456142456211326e-01,3.655246847416129263e-01,1.690754491081895017e+00,-4.922196915629444280e-01,1.552817164248427417e+00,2.398394078929637629e+00
-1.139999844183004596e+00,-4.164330355406679063e-01,4.015055627217438250e+00,-1.889147771655205421e+00,2.087149473090981644e+00,3.747545934405791535e-01
1.142969456615522628e+00,2.850110826197441494e+00,-1.941512588690551322e+00,5.866854309761808661e-01,3.153300619260514637e+00,1.154516904276746470e+00
2.059277049175799235e+00,-2.157382055926475140e+00,1.406622873113473782e+00,-8.550201361802338695e-01,-8.734366258984367359e-01,3.555499364482169966e+00
-5.196953537556516789e-01,7.707929720396520246e-01,9.759168746425992413e-01,8.646730898081711469e-01,4.284377656495874653e-01,7.288889168791707895e-01
-9.645490163878158718e-01,-1.655211745024083303e-01,-1.895615826086241684e+00,2.453280144957858511e+00,-1.494051819832577399e+00,-7.319667882455329622e-01
9.395769630502348591e-01,-1.940731776298376898e+00,1.299443997101224824e+00,-1.583830722442777894e+00,2.250054943441478272e+00,3.430566688707355816e+00
9.226019843994390790e-01,4.085920875530686835e+00,-3.496936794182390784e+00,2.554495006331366724e+00,2.107114290383029775e+00,4.018231626653618882e-01
2.623165503025560064e+00,-1.480027759309745505e-01,-1.252655075479996771e+00,1.072740106701117746e-01,1.067615457778360755e+00,6.188206939050331368e-01
-1.258251334568389890e-01,2.099477237900668314e+00,5.562978571198584632e-02,4.383663064207402371e+00,1.424015254247939399e+00,3.880044877832508732e+00
2.861488285760561023e+00,3.213898894566177944e+00,1.015910416342413747e-01,-1.454275480441052926e+00,2.627885207364459852e+00,2.727589052582216844e+00
1.166896383430315431e+00,5.128012692870491662e+00,-2.154385756610142533e+00,7.503493514951218302e-01,2.092491628902668932e+00,1.772322140168022031e+00
-1.094080456658904188e+00,-6.353633901954225394e-02,4.922566958678348925e+00,2.993660591230375978e-01,3.132578472442697937e+00,2.720373378519327368e+00
1.461578314772553178e+00,6.654876593779501803e-01,2.059518734304680576e-01,-9.202469336545293643e-01,6.280470115175584844e-02,1.137338314273107720e+00
-9.426220069001913782e-01,-7.561328039778594245e-01,1.343337248938120343e+00,2.550149801296600849e+00,-8.885538553899736680e-01,6.814862605635904069e-01
-1.430747762853783245e+00,-8.162352941815618212e-01,-2.375007296206581575e+00,1.505109081272022697e+00,2.724740265825401409e+00,4.252975597983897904e-01
2.651426479040859263e-01,1.075448018648678339e+00,4.432208047161612541e+00,-4.642686237616477918e-01,1.435656495648720332e+00,1.399467933906300532e+00
4.493506018042896510e-01,-1.175238967139128787e+00,3.607346173123688438e+00,-1.048839691465864421e+00,1.896238795300995816e+00,-3.640373879925800082e-01
4.592582025339819296e+00,2.108110749411254758e+00,-3.756039181576980024e-01,-1.933368095031492651e+00,1.219716144636701527e+00,2.519507948496189975e+00
1.153467556666928573e+00,-5.310402083848300148e-01,-1.244363490375427928e+00,3.174566210459174531e+00,-1.107266133426048071e-01,-1.401774449827895008e+00
2.910231541808495415e+00,3.738979457640369652e+00,-1.423268991519803350e+00,2.993417654989609655e+00,-3.382849749511653847e-01,1.158549670181059810e+00
-1.314725120459464547e+00,-2.709931425329134669e+00,-3.109965047228254953e+00,3.048818613616242068e+00,-1.577417997926951365e+00,2.744246626724873295e+00
2.221675044310947644e+00,3.610180291555973753e+00,-2.885845472571516357e+00,2.005759627752272678e+00,3.474224717048795430e+00,1.423374516597011752e+00
1.217561567184817894e+00,1.883402256979839873e+00,9.607599455707804825e-01,-3.104110703514890268e+00,3.131431075610128012e+00,2.721443307972598369e+00
1.686998225710798049e+00,-5.208267983724474970e-01,2.318424146534071362e+00,6.010717492778125948e-01,3.933569516600366356e+00,1.435480787867152941e+00
1.401044350541047923e+00,4.725609725223524293e+00,-1.267413537272551460e+00,2.234595954542134555e-01,5.020544534463039277e+00,2.769033022935528443e+00
2.538048217880641833e+00,1.408720200669296929e+00,2.048077058057432787e+00,1.906666896575470727e-02,2.809326392037410969e+00,4.025220888315346190e-01
2.345045602503237347e+00,1.413547262154223327e+00,3.766780605415370964e+00,-3.635002563205428583e+00,1.228493544653326497e+00,-2.187541779970982869e-01
2.371902993520576874e+00,9.468473564679700250e-01,-1.396179432683148924e+00,1.817390006517033640e+00,2.103834266201614955e+00,-4.647196325779470172e-01
2.429147806123943099e+00,6.932001378675312075e-01,5.501597848894779208e-01,-1.688661078434178009e+00,1.255618565028456368e+00,-1.689459886080240114e-01
4.181658131760887187e+00,3.784844038449184378e-01,2.391523940295421369e-01,1.952163773529481228e+00,3.928613601940226907e+00,1.226226791314129594e+00
1.123348469010696959e+00,1.510806852924972743e+00,-6.859130883524040545e-01,-1.121835647014329362e+00,5.554108767973024996e-01,1.432257685369748845e+00
-2.520425185659537881e+00,-3.043610299421565912e+00,1.802175751286171357e+00,3.652124342284399638e+00,-1.107254879012022464e+00,2.888163107159261500e+00
1.648599705099006441e+00,2.429017508962580507e+00,-1.237737555184130089e+00,-1.418614603833716625e-01,-9.741729633886582196e-01,-3.609562466207817621e+00
1.962769641298135248e+00,3.492925992477653452e-01,1.226377376928006191e+00,-2.511873863575746491e-01,6.067664450878373916e-01,3.592174810363463200e-01
1.945207317195243757e+00,3.542516099124409124e+00,1.650906911943335942e+00,2.894486570795730795e+00,2.208479758345383015e-02,1.863551994342449447e-01
3.084257373162854421e+00,1.662460014939987296e+00,1.632239642526548629e+00,-1.446293323132512576e+00,-1.067182159476691261e+00,2.668136616167601893e+00
2.618134457187865749e+00,2.238117215293040640e-01,3.198371269836438380e+00,-1.348038330922549433e+00,4.938931388769041142e-02,2.845062477005103396e+00
-6.459802670492913457e-01,-2.874112438629624844e+00,-1.663044591418765927e+00,2.381490528874094181e+00,-5.318416815287378974e-01,2.263364501438859033e+00
-3.281608706899303840e-01,8.251372898025376434e-01,-1.748316089493642256e-01,1.810849254193648949e+00,1.907550895512847733e+00,-1.367754731433526327e+00
1.096726245282317436e+00,6.689963231520356102e-01,-1.211054536721694275e+00,2.408395967614731958e+00,-7.515459008745084546e-02,-1.009262155088801904e+00
1.076681906488779372e+00,2.305385706159604808e+00,-8.182389605695294943e-02,-2.071903393508865321e+00,8.846787014026316065e-01,1.662449341016088544e+00
9.334650011455022378e-01,1.349589604259360254e+00,2.976388221487543007e+00,3.804833443294728390e-01,-2.115165219456824897e-01,1.191609309797312388e-01
-2.249266697174445717e-01,-2.066650506515045116e+00,1.247139040354476425e+00,-2.848271018704211510e-01,5.638481227581227273e+00,3.133424331738897894e+00
3.766785489688145638e+00,-6.399881509151406078e-01,1.626622293335572289e+00,-1.377473467230981630e+00,5.815749490871313654e-01,3.457850363532929183e+00
-3.513148962972556522e-01,-5.647084110016369340e-01,2.022209519847714354e+00,4.315375838309241097e-01,1.643296925286231058e+00,3.934332793363173320e+00
2.505473800346777580e+00,1.503920005461381049e+00,1.434940947271927225e+00,5.508723158308754808e-01,1.376826363291962618e+00,1.830825752026148612e+00
3.329779173009833393e+00,-1.432643955414565573e+00,9.288708254789619367e-01,-4.396322968493311389e-01,1.778876202283175223e+00,3.136177392498506578e+00
-8.559136185726006207e-01,8.355876546234715097e-01,2.076688120698340523e+00,6.227269090866768053e+00,4.742948188860552250e+00,4.895503137419666473e+00
1.224121957568780505e+00,1.983559428767028177e+00,-1.363511048747838572e+00,1.072286448698936745e+00,8.410845393725890906e-01,2.059989014231628168e+00
1.398235669663582703e+00,9.346510211131118240e-01,3.365979108623498028e+00,1.676075728362286021e+00,2.444129524891708094e+00,2.876419858643561867e-01
1.501887004301245110e+00,1.211673309683533928e+00,-3.785376767255517194e-01,4.562567043693607216e-01,1.786827573250312495e+00,1.151181211272923166e+00
-7.650943111173298394e-01,7.280730083251096829e+00,-5.717706948987893334e+00,3.362489233813914957e+00,3.800847523766281100e+00,1.313545516418861636e+00
2.898956776219542064e+00,3.567979922333250453e+00,-6.468320201582511420e-01,2.322430143026468219e+00,2.606265513385596755e+00,1.357853138168124030e+00
1.469666162934263109e+00,-2.014090049048535835e-01,-9.085305505774790014e-01,-2.184989527589920044e-02,-2.349508299939051525e-01,2.216909450417793082e+00
2.063740434339974783e+00,4.029318243578106973e+00,-1.751436816028029142e+00,1.131965750873788590e+00,2.497014286011478124e+00,1.464389689719479248e+00
-6.668648697452770335e-01,6.177843400418607800e-01,-1.828395130015958436e+00,7.539898082629159504e-01,1.582751673323415265e+00,3.699785942617728196e-02
2.106534704112381196e+00,1.356880484092859440e+00,2.275121379045483838e-01,-1.218303897896565902e+00,2.893628557916511745e+00,1.434550030857098868e+00
1.956384373441332203e+00,4.733109895403057266e+00,7.255627558434848412e-01,-5.424799205062247331e-02,5.141107407419573505e+00,3.946200698308370391e+00
2.304556318679056304e+00,-6.917037105499235228e-01,1.702553512091861565e+00,1.292446515017118491e+00,1.860603865808075685e+00,2.502570963527473324e+00
1.047722803726736096e-01,7.604220205103349173e-01,-2.920649457730545961e+00,-1.070262440034452922e+00,4.932515483254404920e-01,4.736106841306519932e-02
3.827740850179523591e+00,6.932660987168144384e-01,2.896323055001260638e+00,3.857513834468005998e-01,2.269060376251327504e+00,3.250434872361890548e+00
-1.578236266438617363e-01,-2.028682575138025967e+00,-1.468105305077041178e+00,9.260729367000524181e-01,4.748351268320868401e-01,1.185729629090168880e+00
3.518980479727984445e+00,2.629710176871131289e+00,-9.614083106600959105e-01,4.564713904115420551e-01,1.571030309705921280e+00,-7.467311916266199390e-01
2.990584488772089156e+00,2.158887177136576074e+00,2.330226534679056716e+00,-1.698181574595889920e+00,2.772424764018661225e+00,2.765323883420694351e+00
1.804096748892710433e+00,1.526661681532883286e+00,1.614238192682045270e+00,-1.602523211457799412e+00,-3.007983998884373733e-01,2.354109245408380513e+00
2.194815158035741121e+00,2.961551434392021953e+00,8.173555790394320120e-01,1.619616717249658278e+00,1.835162529289273259e+00,-3.841655285294631739e-01
-4.404337351946721046e-01,4.911593338550466203e-01,-2.110980962704578801e+00,1.984940191956785949e+00,-3.952294546749064441e-01,5.409179109571364830e-01
6.490710207043358659e-01,1.936164458769120245e+00,2.969354035236093203e+00,3.086991358177842759e+00,3.332355189478715118e+00,1.639638503780715295e+00
1.081123894100510796e+00,1.935541374646012613e-01,-2.327028608661784403e+00,8.230647049451006447e-01,1.103952804491582507e-01,-8.612222356237975163e-01
1.676811047330876603e+00,3.059270188254751943e+00,2.459415535377436068e-01,2.031132826431767402e-01,3.203776801530179519e+00,2.315801232730972714e+00
8.407040734681381355e-01,2.081878320839188667e+00,-1.546359290910995776e+00,3.407568871045180359e+00,1.786235719927512289e+00,8.651816558014453484e-01
7.909269445162505630e-01,-8.566880238807677017e-01,-5.948652734114925344e-01,3.109497815861384407e+00,-1.612580701213985890e+00,-1.061205239812204715e+00
1.773480794622273038e+00,3.645972487196993406e+00,4.045769557697973529e-01,-2.230565182339637076e+00,2.948369729172488185e+00,1.047479585849771633e+00
2.614673558107663442e+00,1.875236375761312635e+00,-1.983994968753788335e-03,-1.512214825270471907e+00,1.982637102593092004e+00,2.164365266547249256e+00
1.397729669915082518e+00,-1.325827365479354869e+00,9.897045759214881944e-01,5.284789860530845207e-01,-1.868674980513902018e+00,2.604192925055516916e+00
9.931666805378774887e-01,1.958025609503477815e+00,3.815546726181612947e+00,2.980232337860784231e-01,9.160107497116591890e-01,8.640554851125514801e-01
2.815130448767485305e+00,-6.424367216054645002e-01,1.166257408530109396e+00,1.441055146290922684e+00,-1.600777292429147236e+00,9.604627525568347757e-01
-1.223116805865649415e-01,4.466168596779455102e-01,2.042867876795455118e+00,2.199537201381820406e+00,4.662204637714828515e-01,2.417457116054078092e-02
2.615054558083222958e+00,7.989348383429447642e-01,4.875352598180812125e-01,9.632352748538928200e-01,1.070536207898562076e+00,1.856355286109903968e+00
2.099609225027006865e+00,2.144649574463491248e+00,3.349081989034926821e+00,-1.385837798732015180e+00,1.727262294060272430e+00,2.351575133827998876e-02
-1.489286039614499346e+00,-7.345397597245755250e-01,-1.046396794854378420e-01,2.112582131268395891e+00,3.141270822703191357e+00,-1.474827955768120979e-01
2.219379959467688845e-01,2.371025486740673927e+00,9.528147255144412409e-01,3.554551077914456236e+00,2.812186433826932230e+00,3.306121845078052068e+00
9.900495883120939977e-01,-1.315420837327445414e+00,1.652986061264543283e+00,1.308093402124856697e+00,2.563793988680624025e+00,3.546422776007930544e+00
2.059947816621490180e+00,-1.032181440990370680e+00,8.386925511653648968e-01,-7.378072614056958578e-01,3.664309036413822440e+00,3.340207587974912684e+00
1.162308048026687413e+00,8.819316520460231956e-01,-5.406301310148098338e-01,1.288531640790427701e+00,6.232375639285532287e-01,5.645703283216079171e-01
